{
  "price_change_1s": 0.006633805576711893,
  "price_change_5s": 0.9424390196800232,
  "volatility_10s": 0.01709260419011116,
  "volume_10s": 0.01763303205370903,
  "price_acceleration": 0.01620148867368698
}